<?xml version="1.0" encoding="UTF-8" standalone="yes"?>
<ns2:ExportManifest xmlns:ns2="http://www.pentaho.com/schema/">
    <ExportManifestInformation exportDate="17-02-2016 05:25:05 CET" exportBy="admin" rootFolder="/public/" manifestVersion="2"/>
    <ExportManifestEntity path="TwitterAnalytics">
        <ExportManifestProperty>
            <EntityMetaData name="TwitterAnalytics" createdDate="2016-02-03T00:53:42.046+01:00" isFolder="true" path="TwitterAnalytics" isHidden="false" locale="en_US" title="TwitterAnalytics"/>
        </ExportManifestProperty>
        <ExportManifestProperty>
            <EntityAcl>
                <entriesInheriting>true</entriesInheriting>
                <owner>admin</owner>
                <ownerType>USER</ownerType>
            </EntityAcl>
        </ExportManifestProperty>
    </ExportManifestEntity>
    <ExportManifestEntity path="TwitterAnalytics/TwitterBlueDashboard.cda">
        <ExportManifestProperty>
            <EntityMetaData name="TwitterBlueDashboard.cda" createdDate="2016-02-17T16:59:37.132+01:00" isFolder="false" path="TwitterAnalytics/TwitterBlueDashboard.cda" isHidden="false" locale="en_US" title="TwitterBlueDashboard.cda"/>
        </ExportManifestProperty>
        <ExportManifestProperty>
            <EntityAcl>
                <entriesInheriting>true</entriesInheriting>
                <owner>admin</owner>
                <ownerType>USER</ownerType>
            </EntityAcl>
        </ExportManifestProperty>
    </ExportManifestEntity>
    <ExportManifestEntity path="TwitterAnalytics/TwitterBlueDashboard.cdfde">
        <ExportManifestProperty>
            <EntityMetaData name="TwitterBlueDashboard.cdfde" createdDate="2016-02-17T16:59:37.103+01:00" isFolder="false" path="TwitterAnalytics/TwitterBlueDashboard.cdfde" isHidden="false" locale="en_US" title="TwitterBlueDashboard.cdfde"/>
        </ExportManifestProperty>
        <ExportManifestProperty>
            <EntityAcl>
                <entriesInheriting>true</entriesInheriting>
                <owner>admin</owner>
                <ownerType>USER</ownerType>
            </EntityAcl>
        </ExportManifestProperty>
    </ExportManifestEntity>
    <ExportManifestEntity path="TwitterAnalytics/TwitterBlueDashboard.wcdf">
        <ExportManifestProperty>
            <EntityMetaData name="TwitterBlueDashboard.wcdf" createdDate="2016-02-17T16:59:37.082+01:00" isFolder="false" path="TwitterAnalytics/TwitterBlueDashboard.wcdf" isHidden="false" locale="en_US" description="twitter_dashboard" title="Twitter Blue Dashboard"/>
        </ExportManifestProperty>
        <ExportManifestProperty>
            <EntityAcl>
                <entriesInheriting>true</entriesInheriting>
                <owner>admin</owner>
                <ownerType>USER</ownerType>
            </EntityAcl>
        </ExportManifestProperty>
    </ExportManifestEntity>
    <ExportManifestEntity path="TwitterAnalytics/TwitterMapDashboard.cda">
        <ExportManifestProperty>
            <EntityMetaData name="TwitterMapDashboard.cda" createdDate="2016-02-17T16:57:11.046+01:00" isFolder="false" path="TwitterAnalytics/TwitterMapDashboard.cda" isHidden="false" locale="en_US" title="TwitterMapDashboard.cda"/>
        </ExportManifestProperty>
        <ExportManifestProperty>
            <EntityAcl>
                <entriesInheriting>true</entriesInheriting>
                <owner>admin</owner>
                <ownerType>USER</ownerType>
            </EntityAcl>
        </ExportManifestProperty>
    </ExportManifestEntity>
    <ExportManifestEntity path="TwitterAnalytics/TwitterMapDashboard.cdfde">
        <ExportManifestProperty>
            <EntityMetaData name="TwitterMapDashboard.cdfde" createdDate="2016-02-17T16:57:10.988+01:00" isFolder="false" path="TwitterAnalytics/TwitterMapDashboard.cdfde" isHidden="false" locale="en_US" title="TwitterMapDashboard.cdfde"/>
        </ExportManifestProperty>
        <ExportManifestProperty>
            <EntityAcl>
                <entriesInheriting>true</entriesInheriting>
                <owner>admin</owner>
                <ownerType>USER</ownerType>
            </EntityAcl>
        </ExportManifestProperty>
    </ExportManifestEntity>
    <ExportManifestEntity path="TwitterAnalytics/TwitterMapDashboard.wcdf">
        <ExportManifestProperty>
            <EntityMetaData name="TwitterMapDashboard.wcdf" createdDate="2016-02-17T16:57:10.953+01:00" isFolder="false" path="TwitterAnalytics/TwitterMapDashboard.wcdf" isHidden="false" locale="en_US" description="twitterDashboard" title="Twitter Map Dashboard"/>
        </ExportManifestProperty>
        <ExportManifestProperty>
            <EntityAcl>
                <entriesInheriting>true</entriesInheriting>
                <owner>admin</owner>
                <ownerType>USER</ownerType>
            </EntityAcl>
        </ExportManifestProperty>
    </ExportManifestEntity>
    <ExportManifestEntity path="TwitterAnalytics/TwitterMapDashboard2.cda">
        <ExportManifestProperty>
            <EntityMetaData name="TwitterMapDashboard2.cda" createdDate="2016-02-17T17:16:02.625+01:00" isFolder="false" path="TwitterAnalytics/TwitterMapDashboard2.cda" isHidden="false" locale="en_US" title="TwitterMapDashboard2.cda"/>
        </ExportManifestProperty>
        <ExportManifestProperty>
            <EntityAcl>
                <entriesInheriting>true</entriesInheriting>
                <owner>admin</owner>
                <ownerType>USER</ownerType>
            </EntityAcl>
        </ExportManifestProperty>
    </ExportManifestEntity>
    <ExportManifestEntity path="TwitterAnalytics/TwitterMapDashboard2.cdfde">
        <ExportManifestProperty>
            <EntityMetaData name="TwitterMapDashboard2.cdfde" createdDate="2016-02-17T17:16:02.596+01:00" isFolder="false" path="TwitterAnalytics/TwitterMapDashboard2.cdfde" isHidden="false" locale="en_US" title="TwitterMapDashboard2.cdfde"/>
        </ExportManifestProperty>
        <ExportManifestProperty>
            <EntityAcl>
                <entriesInheriting>true</entriesInheriting>
                <owner>admin</owner>
                <ownerType>USER</ownerType>
            </EntityAcl>
        </ExportManifestProperty>
    </ExportManifestEntity>
    <ExportManifestEntity path="TwitterAnalytics/TwitterMapDashboard2.wcdf">
        <ExportManifestProperty>
            <EntityMetaData name="TwitterMapDashboard2.wcdf" createdDate="2016-02-17T17:16:02.577+01:00" isFolder="false" path="TwitterAnalytics/TwitterMapDashboard2.wcdf" isHidden="false" locale="en_US" description="twitterDashboard" title="Twitter Map Dashboard 2"/>
        </ExportManifestProperty>
        <ExportManifestProperty>
            <EntityAcl>
                <entriesInheriting>true</entriesInheriting>
                <owner>admin</owner>
                <ownerType>USER</ownerType>
            </EntityAcl>
        </ExportManifestProperty>
    </ExportManifestEntity>
    <ExportManifestEntity path="TwitterAnalytics/TwitterUglyDashboard.cda">
        <ExportManifestProperty>
            <EntityMetaData name="TwitterUglyDashboard.cda" createdDate="2016-02-17T17:21:09.321+01:00" isFolder="false" path="TwitterAnalytics/TwitterUglyDashboard.cda" isHidden="false" locale="en_US" title="TwitterUglyDashboard.cda"/>
        </ExportManifestProperty>
        <ExportManifestProperty>
            <EntityAcl>
                <entriesInheriting>true</entriesInheriting>
                <owner>admin</owner>
                <ownerType>USER</ownerType>
            </EntityAcl>
        </ExportManifestProperty>
    </ExportManifestEntity>
    <ExportManifestEntity path="TwitterAnalytics/TwitterUglyDashboard.cdfde">
        <ExportManifestProperty>
            <EntityMetaData name="TwitterUglyDashboard.cdfde" createdDate="2016-02-17T17:21:09.286+01:00" isFolder="false" path="TwitterAnalytics/TwitterUglyDashboard.cdfde" isHidden="false" locale="en_US" title="TwitterUglyDashboard.cdfde"/>
        </ExportManifestProperty>
        <ExportManifestProperty>
            <EntityAcl>
                <entriesInheriting>true</entriesInheriting>
                <owner>admin</owner>
                <ownerType>USER</ownerType>
            </EntityAcl>
        </ExportManifestProperty>
    </ExportManifestEntity>
    <ExportManifestEntity path="TwitterAnalytics/TwitterUglyDashboard.wcdf">
        <ExportManifestProperty>
            <EntityMetaData name="TwitterUglyDashboard.wcdf" createdDate="2016-02-17T17:21:09.228+01:00" isFolder="false" path="TwitterAnalytics/TwitterUglyDashboard.wcdf" isHidden="false" locale="en_US" description="First" title="Twitter Ugly Dashboard"/>
        </ExportManifestProperty>
        <ExportManifestProperty>
            <EntityAcl>
                <entriesInheriting>true</entriesInheriting>
                <owner>admin</owner>
                <ownerType>USER</ownerType>
            </EntityAcl>
        </ExportManifestProperty>
    </ExportManifestEntity>
</ns2:ExportManifest>
